Question Index,Topic,Marks
9231_s17_qp_22_Q2,Equilibrium of Rigid Body,8
9231_s17_qp_22_Q3,Momentum,10
9231_s17_qp_22_Q5,Circular Motion,12
9231_s17_qp_23_Q3,Momentum,10
9231_s17_qp_23_Q4,Equilibrium of Rigid Body,10
9231_s17_qp_23_Q5,Circular Motion,10
9231_s18_qp_22_Q3,Momentum,9
9231_s18_qp_22_Q4,Equilibrium of Rigid Body,11
9231_s18_qp_22_Q11A,Circular Motion,12
9231_s18_qp_23_Q2,Momentum,9
9231_s18_qp_23_Q4,Equilibrium of Rigid Body,10
9231_s18_qp_23_Q5,Momentum,11
9231_s19_qp_22_Q3,Momentum,10
9231_s19_qp_22_Q4,Equilibrium of Rigid Body,10
9231_s19_qp_22_Q11A,Circular Motion,12
9231_s19_qp_23_Q2,Circular Motion,8
9231_s19_qp_23_Q3,Momentum,9
9231_s19_qp_23_Q5,Equilibrium of Rigid Body,12
9231_s20_qp_32_Q1,Projectile Motion,5
9231_s20_qp_32_Q2,Circular Motion,5
9231_s20_qp_32_Q3,Hooke's Law,7
9231_s20_qp_32_Q4,Center of Mass,7
9231_s20_qp_32_Q5,General Straight Motion,8
9231_s20_qp_32_Q6,Momentum,8
9231_s20_qp_32_Q7,Circular Motion,10
9231_s20_qp_33_Q1,Circular Motion,2
9231_s20_qp_33_Q2,General Straight Motion,6
9231_s20_qp_33_Q3,Circular Motion,6
9231_s20_qp_33_Q4,Center of Mass,8
9231_s20_qp_33_Q5,Momentum,8
9231_s20_qp_33_Q6,Projectile Motion,10
9231_s20_qp_33_Q7,Hooke's Law,10
9231_s21_qp_32_Q1,Center of Mass,5
9231_s21_qp_32_Q2,Circular Motion,6
9231_s21_qp_32_Q3,Hooke's Law,7
9231_s21_qp_32_Q4,Center of Mass,7
9231_s21_qp_32_Q5,Circular Motion,8
9231_s21_qp_32_Q6,Momentum,8
9231_s21_qp_32_Q7,Projectile Motion,9
9231_s21_qp_33_Q1,Center of Mass,3
9231_s21_qp_33_Q2,Hooke's Law,5
9231_s21_qp_33_Q3,Circular Motion,6
9231_s21_qp_33_Q4,Circular Motion,8
9231_s21_qp_33_Q5,General Straight Motion,10
9231_s21_qp_33_Q6,Momentum,9
9231_s21_qp_33_Q7,Projectile Motion,9
9231_s22_qp_32_Q1,Hooke's Law,5
9231_s22_qp_32_Q2,Circular Motion,5
9231_s22_qp_32_Q3,General Straight Motion,5
9231_s22_qp_32_Q4,Center of Mass,8
9231_s22_qp_32_Q5,Circular Motion,7
9231_s22_qp_32_Q6,Momentum,9
9231_s22_qp_32_Q7,Projectile Motion,11
9231_s22_qp_33_Q1,Center of Mass,4
9231_s22_qp_33_Q2,Hooke's Law,5
9231_s22_qp_33_Q3,Projectile Motion,8
9231_s22_qp_33_Q4,Circular Motion,8
9231_s22_qp_33_Q5,General Straight Motion,8
9231_s22_qp_33_Q6,Momentum,8
9231_s22_qp_33_Q7,Equilibrium of Rigid Body,9
9231_s23_qp_32_Q1,Hooke's Law,5
9231_s23_qp_32_Q2,Momentum,5
9231_s23_qp_32_Q3,Circular Motion,7
9231_s23_qp_32_Q4,Center of Mass,8
9231_s23_qp_32_Q5,Hooke's Law,7
9231_s23_qp_32_Q6,General Straight Motion,9
9231_s23_qp_32_Q7,Projectile Motion,9
9231_s23_qp_33_Q1,Circular Motion,4
9231_s23_qp_33_Q2,Hooke's Law,4
9231_s23_qp_33_Q3,Center of Mass,7
9231_s23_qp_33_Q4,Momentum,8
9231_s23_qp_33_Q5,Hooke's Law,8
9231_s23_qp_33_Q6,General Straight Motion,10
9231_s23_qp_33_Q7,Projectile Motion,9
9231_s24_qp_32_Q1,Momentum,6
9231_s24_qp_32_Q2,Hooke's Law,7
9231_s24_qp_32_Q3,Projectile Motion,5
9231_s24_qp_32_Q4,Equilibrium of Rigid Body,7
9231_s24_qp_32_Q5,Circular Motion,7
9231_s24_qp_32_Q6,General Straight Motion,9
9231_s24_qp_32_Q7,Circular Motion,9
9231_s24_qp_33_Q1,Momentum,4
9231_s24_qp_33_Q2,Hooke's Law,6
9231_s24_qp_33_Q3,Circular Motion,7
9231_s24_qp_33_Q4,Hooke's Law,7
9231_s24_qp_33_Q5,Center of Mass,7
9231_s24_qp_33_Q6,Projectile Motion,8
9231_s24_qp_33_Q7,General Straight Motion,11
9231_w17_qp_22_Q3,Momentum,10
9231_w17_qp_22_Q4,Equilibrium of Rigid Body,10
9231_w17_qp_22_Q11A,Circular Motion,14
9231_w18_qp_22_Q2,Momentum,9
9231_w18_qp_22_Q3,Circular Motion,9
9231_w18_qp_22_Q4,Equilibrium of Rigid Body,11
9231_w18_qp_23_Q2,Momentum,12
9231_w18_qp_23_Q4,Hooke's Law,11
9231_w18_qp_23_Q11A,Circular Motion,12
9231_w19_qp_22_Q2,Equilibrium of Rigid Body,8
9231_w19_qp_22_Q3,Momentum,9
9231_w19_qp_22_Q4,Circular Motion,9
9231_w20_qp_32_Q1,Circular Motion,5
9231_w20_qp_32_Q2,Momentum,5
9231_w20_qp_32_Q3,Center of Mass,7
9231_w20_qp_32_Q4,Circular Motion,7
9231_w20_qp_32_Q5,Projectile Motion,7
9231_w20_qp_32_Q6,Hooke's Law,8
9231_w20_qp_32_Q7,General Straight Motion,11
9231_w20_qp_33_Q1,Hooke's Law,3
9231_w20_qp_33_Q2,Circular Motion,5
9231_w20_qp_33_Q3,Hooke's Law,6
9231_w20_qp_33_Q4,Center of Mass,6
9231_w20_qp_33_Q5,Projectile Motion,10
9231_w20_qp_33_Q6,Momentum,10
9231_w20_qp_33_Q7,General Straight Motion,10
9231_w21_qp_32_Q1,Projectile Motion,5
9231_w21_qp_32_Q2,Hooke's Law,6
9231_w21_qp_32_Q3,Circular Motion,6
9231_w21_qp_32_Q4,Center of Mass,7
9231_w21_qp_32_Q5,Momentum,9
9231_w21_qp_32_Q6,General Straight Motion,9
9231_w21_qp_32_Q7,Circular Motion,8
9231_w21_qp_33_Q1,Hooke's Law,4
9231_w21_qp_33_Q2,General Straight Motion,6
9231_w21_qp_33_Q3,Hooke's Law,6
9231_w21_qp_33_Q4,Center of Mass,8
9231_w21_qp_33_Q5,Projectile Motion,7
9231_w21_qp_33_Q6,Circular Motion,8
9231_w21_qp_33_Q7,Momentum,11
9231_w22_qp_32_Q1,Circular Motion,4
9231_w22_qp_32_Q2,Center of Mass,6
9231_w22_qp_32_Q3,Hooke's Law,6
9231_w22_qp_32_Q4,General Straight Motion,7
9231_w22_qp_32_Q5,Projectile Motion,9
9231_w22_qp_32_Q6,Circular Motion,9
9231_w22_qp_32_Q7,Momentum,9
9231_w22_qp_33_Q1,Circular Motion,3
9231_w22_qp_33_Q2,Hooke's Law,6
9231_w22_qp_33_Q3,Equilibrium of Rigid Body,7
9231_w22_qp_33_Q4,General Straight Motion,8
9231_w22_qp_33_Q5,Circular Motion,8
9231_w22_qp_33_Q6,Momentum,8
9231_w22_qp_33_Q7,Projectile Motion,10
9231_w23_qp_32_Q1,Circular Motion,4
9231_w23_qp_32_Q2,General Straight Motion,6
9231_w23_qp_32_Q3,Center of Mass,7
9231_w23_qp_32_Q4,Momentum,7
9231_w23_qp_32_Q5,Circular Motion,8
9231_w23_qp_32_Q6,Projectile Motion,9
9231_w23_qp_32_Q7,Equilibrium of Rigid Body,9
9231_w23_qp_33_Q1,Momentum,7
9231_w23_qp_33_Q2,General Straight Motion,7
9231_w23_qp_33_Q3,Equilibrium of Rigid Body,8
9231_w23_qp_33_Q4,Hooke's Law,8
9231_w23_qp_33_Q5,Projectile Motion,9
9231_w23_qp_33_Q6,Circular Motion,11
9231_w24_qp_32_Q1,Hooke's Law,3
9231_w24_qp_32_Q2,Hooke's Law,4
9231_w24_qp_32_Q3,Momentum,7
9231_w24_qp_32_Q4,Equilibrium of Rigid Body,7
9231_w24_qp_32_Q5,Projectile Motion,8
9231_w24_qp_32_Q6,Circular Motion,10
9231_w24_qp_32_Q7,General Straight Motion,11
9231_w24_qp_33_Q1,Projectile Motion,5
9231_w24_qp_33_Q2,Circular Motion,5
9231_w24_qp_33_Q3,Hooke's Law,8
9231_w24_qp_33_Q4,Center of Mass,7
9231_w24_qp_33_Q5,General Straight Motion,7
9231_w24_qp_33_Q6,Circular Motion,8
9231_w24_qp_33_Q7,Momentum,10
9709_m17_qp_52_Q1,Projectile Motion,5
9709_m17_qp_52_Q2,Center of Mass,6
9709_m17_qp_52_Q3,Projectile Motion,7
9709_m17_qp_52_Q4,Center of Mass,7
9709_m17_qp_52_Q5,Circular Motion,7
9709_m17_qp_52_Q6,General Straight Motion,8
9709_m17_qp_52_Q7,Hooke's Law,10
9709_m18_qp_52_Q1,Center of Mass,3
9709_m18_qp_52_Q2,Projectile Motion,5
9709_m18_qp_52_Q3,Hooke's Law,6
9709_m18_qp_52_Q4,General Straight Motion,9
9709_m18_qp_52_Q5,Circular Motion,8
9709_m18_qp_52_Q6,General Straight Motion,10
9709_m18_qp_52_Q7,Equilibrium of Rigid Body,9
9709_m19_qp_52_Q1,Projectile Motion,5
9709_m19_qp_52_Q2,Center of Mass,6
9709_m19_qp_52_Q3,General Straight Motion,6
9709_m19_qp_52_Q4,Hooke's Law,6
9709_m19_qp_52_Q5,Hooke's Law,8
9709_m19_qp_52_Q6,Center of Mass,8
9709_m19_qp_52_Q7,General Straight Motion,11
9709_s17_qp_51_Q1,Projectile Motion,4
9709_s17_qp_51_Q2,Hooke's Law,6
9709_s17_qp_51_Q3,Center of Mass,7
9709_s17_qp_51_Q4,Projectile Motion,8
9709_s17_qp_51_Q5,Equilibrium of Rigid Body,7
9709_s17_qp_51_Q6,Circular Motion,9
9709_s17_qp_51_Q7,General Straight Motion,9
9709_s17_qp_52_Q1,Hooke's Law,5
9709_s17_qp_52_Q2,Circular Motion,5
9709_s17_qp_52_Q3,Center of Mass,7
9709_s17_qp_52_Q4,General Straight Motion,8
9709_s17_qp_52_Q5,Hooke's Law,8
9709_s17_qp_52_Q6,Equilibrium of Rigid Body,8
9709_s17_qp_52_Q7,General Straight Motion,9
9709_s18_qp_51_Q1,Projectile Motion,4
9709_s18_qp_51_Q2,Equilibrium of Rigid Body,3
9709_s18_qp_51_Q3,General Straight Motion,7
9709_s18_qp_51_Q4,Projectile Motion,9
9709_s18_qp_51_Q5,Hooke's Law,8
9709_s18_qp_51_Q6,Circular Motion,9
9709_s18_qp_51_Q7,Center of Mass,10
9709_s18_qp_52_Q1,Projectile Motion,6
9709_s18_qp_52_Q2,Hooke's Law,6
9709_s18_qp_52_Q3,Equilibrium of Rigid Body,5
9709_s18_qp_52_Q4,Projectile Motion,7
9709_s18_qp_52_Q5,Center of Mass,7
9709_s18_qp_52_Q6,Circular Motion,9
9709_s18_qp_52_Q7,General Straight Motion,10
9709_s19_qp_51_Q1,Circular Motion,5
9709_s19_qp_51_Q2,Projectile Motion,5
9709_s19_qp_51_Q3,Center of Mass,5
9709_s19_qp_51_Q4,Projectile Motion,8
9709_s19_qp_51_Q5,Hooke's Law,8
9709_s19_qp_51_Q6,Center of Mass,7
9709_s19_qp_51_Q7,General Straight Motion,12
9709_s19_qp_52_Q1,Projectile Motion,5
9709_s19_qp_52_Q2,Center of Mass,4
9709_s19_qp_52_Q3,Circular Motion,5
9709_s19_qp_52_Q4,General Straight Motion,8
9709_s19_qp_52_Q5,Hooke's Law,8
9709_s19_qp_52_Q6,Projectile Motion,8
9709_s19_qp_52_Q7,Center of Mass,12
9709_w17_qp_51_Q1,Circular Motion,4
9709_w17_qp_51_Q2,Projectile Motion,4
9709_w17_qp_51_Q3,Circular Motion,7
9709_w17_qp_51_Q4,General Straight Motion,7
9709_w17_qp_51_Q5,Hooke's Law,8
9709_w17_qp_51_Q6,Center of Mass,9
9709_w17_qp_51_Q7,General Straight Motion,11
9709_w17_qp_52_Q1,General Straight Motion,4
9709_w17_qp_52_Q2,Center of Mass,3
9709_w17_qp_52_Q3,General Straight Motion,6
9709_w17_qp_52_Q4,Hooke's Law,9
9709_w17_qp_52_Q5,Equilibrium of Rigid Body,8
9709_w17_qp_52_Q6,General Straight Motion,9
9709_w17_qp_52_Q7,Projectile Motion,11
9709_w18_qp_51_Q1,Projectile Motion,4
9709_w18_qp_51_Q2,Center of Mass,6
9709_w18_qp_51_Q3,Hooke's Law,7
9709_w18_qp_51_Q4,General Straight Motion,8
9709_w18_qp_51_Q5,Circular Motion,8
9709_w18_qp_51_Q6,Center of Mass,8
9709_w18_qp_51_Q7,Projectile Motion,9
9709_w18_qp_52_Q1,Projectile Motion,3
9709_w18_qp_52_Q2,Center of Mass,7
9709_w18_qp_52_Q3,General Straight Motion,7
9709_w18_qp_52_Q4,General Straight Motion,8
9709_w18_qp_52_Q5,Hooke's Law,8
9709_w18_qp_52_Q6,Center of Mass,7
9709_w18_qp_52_Q7,Circular Motion,10
9709_w19_qp_51_Q1,Center of Mass,3
9709_w19_qp_51_Q2,Projectile Motion,6
9709_w19_qp_51_Q3,General Straight Motion,6
9709_w19_qp_51_Q4,Projectile Motion,7
9709_w19_qp_51_Q5,Hooke's Law,9
9709_w19_qp_51_Q6,Hooke's Law,9
9709_w19_qp_51_Q7,Center of Mass,10
9709_w19_qp_52_Q1,Hooke's Law,3
9709_w19_qp_52_Q2,Projectile Motion,5
9709_w19_qp_52_Q3,Hooke's Law,6
9709_w19_qp_52_Q4,Projectile Motion,6
9709_w19_qp_52_Q5,Circular Motion,10
9709_w19_qp_52_Q6,General Straight Motion,9
9709_w19_qp_52_Q7,Center of Mass,11